{
	"format_version": "1.12.0",
	"minecraft:geometry": [
		{
			"description": {
				"identifier": "geometry.lucky_block",
				"texture_width": 64,
				"texture_height": 64,
				"visible_bounds_width": 2,
				"visible_bounds_height": 2.5,
				"visible_bounds_offset": [0, 0.75, 0]
			},
			"bones": [
				{
					"name": "bb_main",
					"pivot": [0, 0, 0],
					"cubes": [
						{"origin": [-7, 0, -7], "size": [14, 14, 14], "uv": [0, 0]}
					]
				},
				{
					"name": "question_mark",
					"pivot": [4, 0, 0],
					"rotation": [0, 180, 0],
					"cubes": [
						{"origin": [0, 2, -0.5], "size": [1, 1, 1], "uv": [23, 32]},
						{"origin": [0, 4, -0.5], "size": [1, 2, 1], "uv": [8, 28]},
						{"origin": [0, 6, -0.7], "size": [1, 1, 1], "uv": [19, 32]},
						{"origin": [0, 6.5, -1.5], "size": [1, 1, 1], "uv": [15, 32]},
						{"origin": [0, 7, -2.5], "size": [1, 1, 1.5], "uv": [11, 32]},
						{"origin": [0, 7, -2.5], "size": [1, 3, 1], "uv": [10, 0]},
						{"origin": [0, 10, -2], "size": [1, 1, 3], "uv": [5, 5]},
						{"origin": [0, 9, 0.5], "size": [1, 1, 1], "uv": [30, 31]}
					]
				},
				{
					"name": "question_mark2",
					"pivot": [0, -1, 3],
					"rotation": [0, 90, 0],
					"cubes": [
						{"origin": [-5, 2, 2.5], "size": [1, 1, 1], "uv": [31, 29]},
						{"origin": [-5, 4, 2.5], "size": [1, 2, 1], "uv": [4, 28]},
						{"origin": [-5, 6, 2.3], "size": [1, 1, 1], "uv": [8, 31]},
						{"origin": [-5, 6.5, 1.5], "size": [1, 1, 1], "uv": [4, 31]},
						{"origin": [-5, 7, 0.5], "size": [1, 1, 1.5], "uv": [0, 31]},
						{"origin": [-5, 7, 0.5], "size": [1, 3, 1], "uv": [8, 9]},
						{"origin": [-5, 10, 1], "size": [1, 1, 3], "uv": [5, 1]},
						{"origin": [-5, 9, 3.5], "size": [1, 1, 1], "uv": [27, 30]}
					]
				},
				{
					"name": "question_mark3",
					"pivot": [-4, 0, 0],
					"cubes": [
						{"origin": [-8, 2, -0.5], "size": [1, 1, 1], "uv": [23, 30]},
						{"origin": [-8, 4, -0.5], "size": [1, 2, 1], "uv": [0, 28]},
						{"origin": [-8, 6, -0.7], "size": [1, 1, 1], "uv": [19, 30]},
						{"origin": [-8, 6.5, -1.5], "size": [1, 1, 1], "uv": [15, 30]},
						{"origin": [-8, 7, -2.5], "size": [1, 1, 1.5], "uv": [11, 30]},
						{"origin": [-8, 7, -2.5], "size": [1, 3, 1], "uv": [4, 9]},
						{"origin": [-8, 10, -2], "size": [1, 1, 3], "uv": [0, 4]},
						{"origin": [-8, 9, 0.5], "size": [1, 1, 1], "uv": [28, 28]}
					]
				},
				{
					"name": "question_mark4",
					"pivot": [0, -1, -3],
					"rotation": [0, -90, 0],
					"cubes": [
						{"origin": [-5, 2, -3.5], "size": [1, 1, 1], "uv": [24, 28]},
						{"origin": [-5, 4, -3.5], "size": [1, 2, 1], "uv": [10, 5]},
						{"origin": [-5, 6, -3.7], "size": [1, 1, 1], "uv": [20, 28]},
						{"origin": [-5, 6.5, -4.5], "size": [1, 1, 1], "uv": [16, 28]},
						{"origin": [-5, 7, -5.5], "size": [1, 1, 1.5], "uv": [12, 28]},
						{"origin": [-5, 7, -5.5], "size": [1, 3, 1], "uv": [0, 8]},
						{"origin": [-5, 10, -5], "size": [1, 1, 3], "uv": [0, 0]},
						{"origin": [-5, 9, -2.5], "size": [1, 1, 1], "uv": [0, 12]}
					]
				}
			]
		}
	]
}